Date,Cusip,weight,Ticker,Class3,OAD,signal_tilted,Total_Return_MTD,Excess_Return_MTD
2026-03-01,00150LAB,0.0027397260273972603,ARDT,Consumer_Non_Cyclical,1.543286,0.8051966375583111,0.014329860000000002,0.01910733
2026-03-01,65343HAA,0.0027397260273972603,NXST,Communications,0.390627,4.2207681668919514,0.00466721,0.0027373
2026-03-01,65336YAN,0.0027397260273972603,NXST,Communications,1.718537,0.5228615480491324,-0.00805499,-0.00702248
2026-03-01,651229BG,0.0027397260273972603,NWL,Consumer_Non_Cyclical,1.760221,0.5083986671747235,-0.01054473,-0.00614136
2026-03-01,651229BC,0.0027397260273972603,NWL,Consumer_Non_Cyclical,1.240399,1.4081725743533346,-0.0031017299999999996,-0.0025746099999999997
2026-03-01,644274AH,0.0027397260273972603,NEENST,Capital_Goods,1.419817,0.5483436952179034,-0.00652108,-0.0069932399999999995
2026-03-01,644274AG,0.0027397260273972603,NEENST,Capital_Goods,0.076254,4.870193937239026,0.00175034,-0.00119703
2026-03-01,63938CAL,0.0027397260273972603,NAVI,Finance_Companies,1.796833,0.5810512724327151,-0.00333532,0.0011583000000000001
2026-03-01,638962AA,0.0027397260273972603,NCRATL,Technology,0.616815,4.254171713064,0.0049346600000000004,0.0029462699999999995
2026-03-01,63155AAA,0.0027397260273972603,1281525D,Insurance,3.327192,0.4938549116778289,-0.01913269,-0.008539109999999999
2026-03-01,62957HAP,0.0027397260273972603,NBR,Energy,0.586515,2.0825111467676183,0.005049430000000001,0.0036906499999999997
2026-03-01,629377CY,0.0027397260273972603,NRG,Electric,0.977586,2.3524514643974967,0.00088477,-0.00034289
2026-03-01,629377CH,0.0027397260273972603,NRG,Electric,1.877404,0.5281406154991346,-0.007986739999999999,-0.00617648
2026-03-01,62922LAC,0.0027397260273972603,0812031D,Energy,1.302056,0.5191460816776653,0.00082648,0.0014124200000000002
2026-03-01,626738AD,0.0027397260273972603,MUSA,Consumer_Cyclical,0.457793,3.136756339542457,0.00402907,0.00220468
2026-03-01,61978XAA,0.0027397260273972603,1758907D,Consumer_Cyclical,1.435661,0.5455057068798544,0.0169592,0.0193495
2026-03-01,60855RAN,0.0027397260273972603,MOH,Insurance,3.463256,0.38528789327644286,-0.01364528,-0.0029269099999999996
2026-03-01,60855RAJ,0.0027397260273972603,MOH,Insurance,1.892898,2.480241788072333,-0.01132899,-0.00743869
2026-03-01,603158AA,0.0027397260273972603,MTX,Basic_Industry,1.255277,1.0626656181460528,-0.00084954,-0.00066555
2026-03-01,603051AE,0.0027397260273972603,MINAU,Basic_Industry,0.792894,2.3100364045146535,-0.00242091,-0.00445171
2026-03-01,603051AD,0.0027397260273972603,MINAU,Basic_Industry,1.206306,1.5313486500650195,-0.0009108499999999999,-0.0037363
2026-03-01,65342QAB,0.0027397260273972603,1799472D,Electric,1.330512,1.3517637801857596,-0.00146436,-0.00038257
2026-03-01,654744AC,0.0027397260273972603,NSANY,Consumer_Cyclical,1.378972,0.44264269946288926,-0.01612124,-0.014734400000000002
2026-03-01,59155LAA,0.0027397260273972603,ARCC,Consumer_Cyclical,1.321912,0.7633561399525383,-0.00356813,-0.00455378
2026-03-01,65480CAG,0.0027397260273972603,0167443D,Consumer_Cyclical,1.373544,0.4739111495613329,-0.0084685,-0.0068436799999999996
2026-03-01,74165HAC,0.0027397260273972603,PRIHEA,Consumer_Non_Cyclical,1.659395,0.5942869361612794,-0.00079382,0.00172174
2026-03-01,74112BAL,0.0027397260273972603,PBH,Consumer_Non_Cyclical,0.654737,2.2516071502087778,0.0032429599999999996,0.00186033
2026-03-01,740212AM,0.0027397260273972603,PDCN,Energy,1.153081,0.5973007628904925,-0.000824,-0.0015051600000000002
2026-03-01,73943NAA,0.0027397260273972603,2573364D,Energy,1.318686,0.44705354796475205,-0.0022888500000000003,-0.00238776
2026-03-01,724479AQ,0.0027397260273972603,PBI,Technology,1.275345,0.7565833130426886,0.01073315,0.01296183
2026-03-01,71367VAB,0.0027397260273972603,PRN,Basic_Industry,1.434737,0.6992773209348518,-0.0039659299999999995,-0.00512893
2026-03-01,70339PAA,0.0027397260273972603,1792171D,Electric,1.824038,0.5911259864619257,-0.00588614,-0.00278592
2026-03-01,70052LAB,0.0027397260273972603,1479458D,REITs,1.048391,1.6546053927865074,-0.0007083,-0.00107002
2026-03-01,69370CAC,0.0027397260273972603,PTC,Technology,1.627688,0.40415531115602804,-0.00188098,0.00145294
2026-03-01,69354NAE,0.0027397260273972603,PRAA,Other_Financial,0.997066,1.6477131347375285,0.00808364,0.0078074699999999995
2026-03-01,69331CAH,0.0027397260273972603,PCG,Electric,1.268074,1.4872333601771563,-0.0020164199999999997,-0.0021033099999999997
2026-03-01,69318FAJ,0.0027397260273972603,0531769D,Energy,0.715797,1.5697319470287876,0.0075318799999999995,0.0079174
2026-03-01,69007TAG,0.0027397260273972603,0932536D,Communications,1.470518,0.8041593812803062,-0.0016606000000000001,-0.00112766
2026-03-01,69007TAB,0.0027397260273972603,0932536D,Communications,0.530077,3.2240892578820413,0.00244247,-0.00058176
2026-03-01,67740QAH,0.0027397260273972603,13360Z,Insurance,3.189738,0.6135020062256404,-0.01593501,-0.00578547
2026-03-01,67585LAA,0.0027397260273972603,1868794Z,Consumer_Cyclical,0.536336,2.7683895548949637,0.02510631,0.02317955
2026-03-01,67059TAE,0.0027397260273972603,NS,Energy,0.875886,1.210664030777774,-0.00276071,-0.0038779400000000003
2026-03-01,668771AK,0.0027397260273972603,GEN,Technology,0.662754,2.7296680194689307,0.00066843,-0.0015162900000000002
2026-03-01,665530AB,0.0027397260273972603,NOG,Energy,1.296308,0.48548281120450315,0.004423659999999999,0.005569279999999999
2026-03-01,603051AC,0.0027397260273972603,MINAU,Basic_Industry,0.622565,3.399042666573191,-0.00016633999999999998,-0.00212259
2026-03-01,59151KAM,0.0027397260273972603,MXCN,Basic_Industry,1.266446,1.0037490109621596,-0.00596318,-0.00571084
2026-03-01,45682RAC,0.0027397260273972603,1768440D,Basic_Industry,1.351457,1.175576526309797,0.01250098,0.01466092
2026-03-01,50067PAA,0.0027397260273972603,KFY,Consumer_Cyclical,1.196242,0.8214332964996324,-0.00194672,-0.00219626
2026-03-01,498894AA,0.0027397260273972603,KNIRIV,Capital_Goods,1.054455,0.3732618952202316,0.0002003,-0.00206632
2026-03-01,489399AL,0.0027397260273972603,KW,Other_Financial,1.808773,0.5327922994722684,0.00784297,0.01286287
2026-03-01,487526AC,0.0027397260273972603,0059273D,Consumer_Non_Cyclical,1.041845,1.9045212498048225,-0.00020611999999999998,-0.00315534
2026-03-01,48666KBA,0.0027397260273972603,KBH,Consumer_Cyclical,0.917246,1.403890027707927,0.00288588,0.00212052
2026-03-01,48666KAX,0.0027397260273972603,KBH,Consumer_Cyclical,0.739264,2.0611630031646704,-0.00317032,-0.00474607
2026-03-01,48250NAC,0.0027397260273972603,1409502D,Consumer_Cyclical,0.762632,2.2167000173957883,0.00156939,-0.00011911
2026-03-01,48242WAC,0.0027397260273972603,KBR,Other_Industrial,1.83987,1.2578843386060166,-0.00524328,-0.00231687
2026-03-01,48020RAB,0.0027397260273972603,NAVCOR,Insurance,1.8831,0.5429155118913574,-0.01063837,-0.00944916
2026-03-01,472481AB,0.0027397260273972603,2471996D,Other_Financial,1.600005,2.783066493599669,0.00428021,0.00133154
2026-03-01,47077WAC,0.0027397260273972603,1087299D,Brokerage_Assetmanagers_Exchanges,2.485112,0.823640279413757,-0.00118546,0.0049827100000000004
2026-03-01,47077WAA,0.0027397260273972603,1087299D,Brokerage_Assetmanagers_Exchanges,2.586013,0.6945860850040148,-0.00106467,0.0062245899999999995
2026-03-01,47032FAB,0.0027397260273972603,1236581D,Capital_Goods,1.033761,0.6326182498416278,-2.2230000000000002e-05,-0.0008921
2026-03-01,47010BAK,0.0027397260273972603,0327039D,Consumer_Cyclical,1.001346,1.0791952364904858,-0.00255126,-0.00433357
2026-03-01,47010BAF,0.0027397260273972603,0327039D,Consumer_Cyclical,1.3931,0.44994688428964247,-0.0063085500000000004,-0.00488165
2026-03-01,46284VAP,0.0027397260273972603,IRM,Technology,0.977805,1.518442823885815,-0.00094243,-0.00245569
2026-03-01,46284VAG,0.0027397260273972603,IRM,Technology,1.35151,0.7370040066307852,-0.00397863,-0.00440296
2026-03-01,46284VAE,0.0027397260273972603,IRM,Technology,0.973471,1.5642628067369189,4.842e-05,-0.00140706
2026-03-01,46284VAC,0.0027397260273972603,IRM,Technology,0.562812,4.068225601646294,0.00278659,0.0007703699999999999
2026-03-01,46266TAA,0.0027397260273972603,IQV,Consumer_Non_Cyclical,0.633219,2.953581485069165,0.0035483999999999997,0.0020316799999999997
2026-03-01,50012LAC,0.0027397260273972603,KGS,Energy,0.820951,0.7275710748670472,0.00586715,0.00569645
2026-03-01,501797AR,0.0027397260273972603,BBWI,Consumer_Cyclical,0.586046,2.776178114734237,0.0031583699999999998,0.0009719700000000001
2026-03-01,57767XAB,0.0027397260273972603,MHED,Communications,0.954123,0.7560936886305474,0.01153555,0.01285736
2026-03-01,50187TAH,0.0027397260273972603,LGIH,Consumer_Cyclical,1.325058,0.48759053880291703,-0.01054016,-0.01196043
2026-03-01,57767XAA,0.0027397260273972603,MHED,Communications,1.344863,0.44607870874978395,-0.00549232,-0.00609332
2026-03-01,57665RAG,0.0027397260273972603,MTCH,Consumer_Cyclical,0.900628,1.505272458189337,0.00041156,-0.00124417
2026-03-01,576485AF,0.0027397260273972603,MTDR,Energy,0.038094,3.709125873466273,0.00313224,0.00024738
2026-03-01,573334AK,0.0027397260273972603,MMLP,Energy,0.908837,1.413737176958549,-0.00096765,-0.00200247
2026-03-01,55342UAH,0.0027397260273972603,0750910D,REITs,1.394392,1.2593854663286188,-0.04608987,-0.044569029999999996
2026-03-01,55305BAS,0.0027397260273972603,MHO,Consumer_Cyclical,1.235404,0.7038984402111508,0.0007841199999999999,0.0017044500000000001
2026-03-01,552953CF,0.0027397260273972603,MGM,Consumer_Cyclical,0.82814,1.8595339847398438,-0.00156338,-0.00281953
2026-03-01,54288CAA,0.0027397260273972603,9991110D,Electric,3.003189,1.058874223198377,-0.01645642,-0.008413
2026-03-01,538034AV,0.0027397260273972603,LYV,Consumer_Cyclical,0.13263,4.9310470167705995,0.00208662,-0.00068681
2026-03-01,538034AR,0.0027397260273972603,LYV,Consumer_Cyclical,0.966603,1.3740016442436422,-0.00052054,-0.00226925
2026-03-01,536797AE,0.0027397260273972603,LAD,Consumer_Cyclical,1.296001,0.6234344662897201,-0.006250240000000001,-0.00713518
2026-03-01,53219LAW,0.0027397260273972603,1398308D,Consumer_Non_Cyclical,0.827133,2.7780459888449154,-0.0005795,-0.0022763
2026-03-01,53219LAV,0.0027397260273972603,1398308D,Consumer_Non_Cyclical,0.834084,2.7058376030001154,-0.00191919,-0.00402933
2026-03-01,530715AJ,0.0027397260273972603,QVCGA,Consumer_Cyclical,0.475564,3.854792390364481,-0.010115160000000002,-0.011211819999999999
2026-03-01,530715AD,0.0027397260273972603,QVCGA,Consumer_Cyclical,0.433048,3.8234017029646234,0.02176069,0.02045786
2026-03-01,513075BW,0.0027397260273972603,LAMR,Communications,1.529546,0.7534641495368543,-0.00451907,-0.0051700800000000005
2026-03-01,513075BR,0.0027397260273972603,LAMR,Communications,1.67069,0.5796435208425471,-0.00767219,-0.00460131
2026-03-01,502160AN,0.0027397260273972603,LXU,Basic_Industry,1.193748,0.842228840260672,-0.00344853,-0.00441153
2026-03-01,50201DAA,0.0027397260273972603,LILAPR,Communications,1.195686,0.38354326935078215,-0.02649891,-0.025134959999999998
2026-03-01,74166MAF,0.0027397260273972603,1308461D,Consumer_Cyclical,1.327305,0.5784993856996027,-0.00731507,-0.00615025
2026-03-01,749571AJ,0.0027397260273972603,0749912D,REITs,0.767223,3.2397912908423816,-0.00054407,-0.00288204
2026-03-01,75079MAA,0.0027397260273972603,1937973D,Transportation,1.116868,0.6460771739624254,-0.00457588,-0.00558783
2026-03-01,92332YAB,0.0027397260273972603,VG,Energy,1.084784,0.6314722024390579,0.02235994,0.02701233
2026-03-01,91889FAC,0.0027397260273972603,VAL,Energy,1.215449,0.6498318852455601,-0.00531635,-0.0081328
2026-03-01,91835HAA,0.0027397260273972603,VRRM,Other_Industrial,2.200271,0.7393508317017693,-0.01041694,-0.00591212
2026-03-01,918204BB,0.0027397260273972603,VFC,Consumer_Cyclical,1.011366,1.188804031249507,0.0008386499999999999,0.00059429
2026-03-01,914906AY,0.0027397260273972603,2056675D,Communications,1.181953,0.6375307967912707,-0.0054163300000000004,-0.00675905
2026-03-01,91327BAB,0.0027397260273972603,1558977D,Communications,0.992202,1.2923450031571542,4.699e-05,-0.00104367
2026-03-01,913229AC,0.0027397260273972603,1863398D,Finance_Companies,1.055697,2.2921338081396883,-0.005696679999999999,-0.0066197700000000005
2026-03-01,912909AU,0.0027397260273972603,5401,Basic_Industry,0.597118,2.1753922504944705,0.00141685,-0.0015875800000000001
2026-03-01,911365BM,0.0027397260273972603,URI,Capital_Goods,1.329396,0.38682993222451756,-0.00289311,-0.00215705
2026-03-01,911365BG,0.0027397260273972603,URI,Capital_Goods,0.881894,1.0021767379022797,0.00064377,-0.00108146
2026-03-01,911163AA,0.0027397260273972603,UNFI,Consumer_Non_Cyclical,1.059945,4.448733637670218,0.00385754,0.0009058299999999999
2026-03-01,90290MAG,0.0027397260273972603,USFD,Consumer_Non_Cyclical,0.844758,2.07315020455574,-0.0009429600000000001,-0.00292661
2026-03-01,896522AJ,0.0027397260273972603,TRN,Capital_Goods,0.660662,1.4450039676639748,0.00059391,-0.00177619
2026-03-01,89616MAB,0.0027397260273972603,1768428D,Energy,0.910451,1.2969854078449454,0.02121391,0.02365536
2026-03-01,893830BX,0.0027397260273972603,RIG,Energy,0.940422,1.4721921478116995,0.00351026,0.00437583
2026-03-01,893790AA,0.0027397260273972603,RIG,Energy,0.909625,1.4649091357029083,0.0005662099999999999,-0.0011826
2026-03-01,893647BR,0.0027397260273972603,TDG,Capital_Goods,0.971946,0.7542062069114602,-0.0006337700000000001,-0.0036578300000000004
2026-03-01,88830MAM,0.0027397260273972603,TWI,Capital_Goods,0.681098,2.553164018251464,0.0017350299999999998,-0.0008565300000000001
2026-03-01,88104LAE,0.0027397260273972603,1003233D,Electric,1.556184,0.9066123209470237,-0.0077898,-0.00559774
2026-03-01,880349AU,0.0027397260273972603,1993915D,Consumer_Cyclical,1.191248,0.4291338871636435,0.00512902,0.005735090000000001
2026-03-01,92332YAA,0.0027397260273972603,VG,Energy,0.397734,3.709125873466273,0.00432688,0.0019877000000000002
2026-03-01,92537RAA,0.0027397260273972603,1812090D,Capital_Goods,0.667319,3.003068406617325,0.00316235,0.00160487
2026-03-01,753272AA,0.0027397260273972603,2366641D,Transportation,1.479997,0.45211382704001873,-0.00735422,-0.010378320000000002
2026-03-01,92552VAL,0.0027397260273972603,VSAT,Communications,0.687043,2.9292323055504363,0.0019257299999999998,2.955e-05
2026-03-01,AZ583565,0.0027397260273972603,MLCO,Consumer_Cyclical,1.017176,1.043778466407979,-0.00556794,-0.00704936
2026-03-01,AQ232284,0.0027397260273972603,LBTYA,Communications,1.397284,0.8232668123183747,-0.00882933,-0.00905035
2026-03-01,98927UAA,0.0027397260273972603,2455420D,Communications,0.693453,2.883772447158774,0.00026955,-0.00204826
2026-03-01,98379KAB,0.0027397260273972603,XPO,Transportation,1.411074,0.6305028249704012,-0.00305911,-0.00416902
2026-03-01,98313RAD,0.0027397260273972603,0850766D,Consumer_Cyclical,1.116453,0.8376581406746608,-0.004783819999999999,-0.006711859999999999
2026-03-01,983130AX,0.0027397260273972603,8186809Z,Consumer_Cyclical,0.965069,1.3007715606669012,-0.0028396100000000002,-0.0036355
2026-03-01,98310WAN,0.0027397260273972603,TNL,Consumer_Cyclical,0.79193,1.906955911845393,-0.00232304,-0.00374708
2026-03-01,97360AAA,0.0027397260273972603,UNVR,Basic_Industry,1.348176,0.5646675419795663,-0.0057627799999999995,-0.00711906
2026-03-01,96950GAE,0.0027397260273972603,WSC,Other_Industrial,1.715485,1.5569945218118595,-0.00778991,-0.00634789
2026-03-01,96949VAM,0.0027397260273972603,WSC,Other_Industrial,1.996659,0.8554629023739748,-0.015771280000000002,-0.014793480000000001
2026-03-01,96949VAL,0.0027397260273972603,WSC,Other_Industrial,2.18969,0.4915183129323335,-0.014614400000000001,-0.01407225
2026-03-01,956187AA,0.0027397260273972603,1546653D,Technology,0.224974,3.4453486322718807,-0.00106192,-0.00338864
2026-03-01,95081QAP,0.0027397260273972603,WCC,Capital_Goods,0.224273,6.088246491672931,0.00403657,0.00138078
2026-03-01,947075AU,0.0027397260273972603,1052513D,Energy,0.653042,2.065783981926844,-2.355e-05,-0.00297329
2026-03-01,93627CAB,0.0027397260273972603,HCC,Basic_Industry,0.870237,1.711860742715374,-0.00121657,-0.0028320800000000003
2026-03-01,92874BAA,0.0027397260273972603,VOLTAG,Electric,2.728999,1.557483958206862,-0.00537667,0.0021757499999999997
2026-03-01,92840JAD,0.0027397260273972603,1282607D,Transportation,0.890827,1.1500536501167302,-0.011152569999999999,-0.013980550000000001
2026-03-01,92676XAG,0.0027397260273972603,VIK,Consumer_Cyclical,0.682236,2.254268298518713,-0.0014746100000000001,-0.00391077
2026-03-01,92676XAF,0.0027397260273972603,VIK,Consumer_Cyclical,0.688951,2.4556896413195983,0.005641739999999999,0.0026917200000000003
2026-03-01,88033GDQ,0.0027397260273972603,THC,Consumer_Non_Cyclical,1.506412,0.4536643211648508,-0.00670343,-0.00850679
2026-03-01,88033GDH,0.0027397260273972603,THC,Consumer_Non_Cyclical,1.27634,0.8245210556657319,-0.00312033,-0.00408786
2026-03-01,88033GDB,0.0027397260273972603,THC,Consumer_Non_Cyclical,0.668587,4.330098427837714,0.0028852,-0.00012103
2026-03-01,879369AF,0.0027397260273972603,TFX,Consumer_Non_Cyclical,1.159842,0.9581256592355364,0.00094151,0.00144209
2026-03-01,81761LAF,0.0027397260273972603,SVC,REITs,1.452218,1.2174756060539043,-0.0008462,0.0013144900000000002
2026-03-01,81761LAC,0.0027397260273972603,SVC,REITs,1.675802,0.6916477025095341,0.00046745,0.0024289199999999998
2026-03-01,81761LAB,0.0027397260273972603,SVC,REITs,1.465589,1.2975957957294062,0.00244602,0.00467157
2026-03-01,817565CD,0.0027397260273972603,SCI,Consumer_Cyclical,1.264781,0.674609931297986,-0.0050633399999999995,-0.00581746
2026-03-01,817565BT,0.0027397260273972603,SCI,Consumer_Cyclical,0.957181,1.4068637872989618,-0.0017969499999999998,-0.00236433
2026-03-01,81721MAM,0.0027397260273972603,DHC,REITs,1.716678,0.6111846046240447,-0.014587570000000001,-0.01079569
2026-03-01,812127AA,0.0027397260273972603,SEE,Capital_Goods,0.837489,6.088246491672931,0.0061464200000000005,0.005079129999999999
2026-03-01,81180LAQ,0.0027397260273972603,STX,Technology,0.835882,1.9041131358078218,0.00337864,0.0022729
2026-03-01,81180LAM,0.0027397260273972603,STX,Technology,0.494592,4.607571763596926,0.00212221,-0.00032731000000000004
2026-03-01,80874YBE,0.0027397260273972603,LNWO,Consumer_Cyclical,0.907883,1.4368515869731977,0.00182922,-0.00117741
2026-03-01,808625AA,0.0027397260273972603,SAIC,Technology,1.515334,0.5044255288753495,-0.007542480000000001,-0.00703629
2026-03-01,78454LAW,0.0027397260273972603,SM,Energy,0.564224,2.480116308472661,0.00277553,0.00035576000000000005
2026-03-01,78433BAB,0.0027397260273972603,MORTON,Basic_Industry,0.969579,2.5643246197583625,0.0028133399999999997,0.0025874599999999998
2026-03-01,78433BAA,0.0027397260273972603,MORTON,Basic_Industry,1.361469,0.6470572118489005,-0.00335974,-0.00302388
2026-03-01,78351MAA,0.0027397260273972603,1990507D,Insurance,2.670261,1.1868384539808812,0.00237331,0.010330379999999998
2026-03-01,77314EAB,0.0027397260273972603,6821Z,Technology,1.417875,0.5133071158036596,0.02811712,0.03203897
2026-03-01,76774LAC,0.0027397260273972603,RBA,Capital_Goods,0.843224,1.7841559698967586,0.005881330000000001,0.00369156
2026-03-01,76774LAB,0.0027397260273972603,RBA,Capital_Goods,0.609405,1.4949655260538324,0.00397868,0.00204212
2026-03-01,76680RAJ,0.0027397260273972603,RNG,Technology,1.132547,1.0182318503282253,0.00454669,0.005054340000000001
2026-03-01,82088KAK,0.0027397260273972603,85249MF,Consumer_Cyclical,1.462744,0.3861641496367939,-0.00804471,-0.0076722199999999996
2026-03-01,829259BG,0.0027397260273972603,9994967D,Communications,1.125496,1.1220847477216513,0.01155925,0.012436570000000001
2026-03-01,82967NBA,0.0027397260273972603,9210611D,Communications,0.609874,3.8071595628687063,0.0027266800000000004,0.00158745
2026-03-01,86765KAH,0.0027397260273972603,SUN,Energy,0.874032,3.3169254089398086,0.00476801,0.00287597
2026-03-01,87817AAE,0.0027397260273972603,1584033D,Consumer_Non_Cyclical,1.072077,1.6708417491323748,-0.00973926,-0.01191791
2026-03-01,876511AG,0.0027397260273972603,TKOCN,Basic_Industry,1.482591,0.4110957801115176,-0.00763386,-0.00790181
2026-03-01,87485LAD,0.0027397260273972603,0607636D,Energy,0.952658,1.3312249381161734,0.00654017,0.00681176
2026-03-01,87470LAL,0.0027397260273972603,TEP,Energy,1.380564,0.46184168193868214,-0.00263134,-0.00278725
2026-03-01,87470LAD,0.0027397260273972603,TEP,Energy,1.120228,0.8805804914888105,-0.00332457,-0.004901630000000001
2026-03-01,87422VAK,0.0027397260273972603,TLN,Electric,0.471616,4.6621068308495435,0.00206295,-0.00048202
2026-03-01,87265HAF,0.0027397260273972603,TPH,Consumer_Cyclical,0.883857,1.5596051421104917,-0.0036655700000000004,-0.005229559999999999
2026-03-01,86765LAN,0.0027397260273972603,SUN,Energy,0.761389,1.51074587439374,0.00343211,0.0025993699999999997
2026-03-01,86765KAA,0.0027397260273972603,SUN,Energy,1.041254,0.7746882844404315,-0.00104396,-0.00225028
2026-03-01,82967NBC,0.0027397260273972603,9210611D,Communications,1.719763,0.5072842903553311,-0.00058863,0.0022278999999999997
2026-03-01,86389QAF,0.0027397260273972603,1467018D,Consumer_Cyclical,1.192425,0.41053615162541723,-0.00813462,-0.00893011
2026-03-01,861896AA,0.0027397260273972603,SNEX,Brokerage_Assetmanagers_Exchanges,2.083114,1.6001766983271846,-0.012522960000000001,-0.01026253
2026-03-01,861036AB,0.0027397260273972603,DSLDHM,Consumer_Cyclical,1.382701,0.4447123371859656,-0.0101221,-0.01307003
2026-03-01,855170AA,0.0027397260273972603,SYNH,Consumer_Non_Cyclical,1.733997,0.499686494179657,0.02948512,0.03579585
2026-03-01,85236FAA,0.0027397260273972603,SMYREA,Capital_Goods,1.362127,0.6272768859028391,-0.0020602100000000003,-0.00176331
2026-03-01,85172FAQ,0.0027397260273972603,OMF,Finance_Companies,1.379483,1.3798422994282666,-0.00941841,-0.00829832
2026-03-01,84779MAA,0.0027397260273972603,TRK,Consumer_Cyclical,0.752639,1.5314800030344204,0.00375073,0.00299469
2026-03-01,835898AH,0.0027397260273972603,1888045D,Consumer_Cyclical,0.653064,1.4614917557930596,0.008593469999999999,0.00833575
2026-03-01,460599AE,0.0027397260273972603,BRSL,Consumer_Cyclical,1.325623,0.5757584474031248,0.00041112,0.0009686300000000001
2026-03-01,45344LAJ,0.0027397260273972603,CRGY,Energy,0.723737,1.6830791299990044,0.00430371,0.00271899
2026-03-01,00188QAA,0.0027397260273972603,AQUARI,Insurance,2.833788,0.9178378049303508,-0.05903833,-0.05083424
2026-03-01,109641AK,0.0027397260273972603,EAT,Consumer_Cyclical,0.666459,2.649334922270848,0.00234615,0.00034959
2026-03-01,105340AQ,0.0027397260273972603,BDN,REITs,1.510701,0.7556886284606271,-0.01939963,-0.01691769
2026-03-01,103304BU,0.0027397260273972603,BYD,Consumer_Cyclical,1.130421,0.925112588851525,-0.0032363599999999998,-0.00442772
2026-03-01,097751CA,0.0027397260273972603,BBDBCN,Capital_Goods,0.939938,0.8842769168815464,0.00081341,-0.00038938
2026-03-01,097751BZ,0.0027397260273972603,BBDBCN,Capital_Goods,0.861333,0.982290513468052,0.00327039,0.00032092000000000004
2026-03-01,095796AJ,0.0027397260273972603,0641942D,Energy,1.357215,0.4906649928696181,-0.00315704,-0.0039286500000000005
2026-03-01,080555AF,0.0027397260273972603,TGNA,Communications,1.370708,0.9508148482087433,-0.0026365,-0.00106867
2026-03-01,080555AE,0.0027397260273972603,TGNA,Communications,1.087678,1.6233625412390278,-0.00227313,-0.00210055
2026-03-01,07556QBR,0.0027397260273972603,BZH,Consumer_Cyclical,0.773352,1.1849632270556905,0.0015812399999999998,-0.00012652
2026-03-01,071734AH,0.0027397260273972603,BHCCN,Consumer_Non_Cyclical,1.631943,0.7606113750491794,-0.026842329999999998,-0.023023639999999998
2026-03-01,071734AD,0.0027397260273972603,BHCCN,Consumer_Non_Cyclical,1.564738,0.8796510506634566,-0.03633779,-0.032928570000000004
2026-03-01,071705AA,0.0027397260273972603,BHC,Consumer_Non_Cyclical,0.74683,3.5649256619250544,0.0024904000000000003,0.0006158
2026-03-01,060335AB,0.0027397260273972603,0762002D,Communications,0.967132,1.1379758461227303,0.00293452,0.00217877
2026-03-01,05508WAC,0.0027397260273972603,BGS,Consumer_Non_Cyclical,1.793321,0.43105028627953534,0.0212236,0.025919409999999997
2026-03-01,05508WAB,0.0027397260273972603,BGS,Consumer_Non_Cyclical,1.355685,1.3997898229400376,-0.00203253,-0.00056815
2026-03-01,05480AAA,0.0027397260273972603,AZORRA,Finance_Companies,1.743575,0.6891750532992975,-0.01016395,-0.01023482
2026-03-01,05455JAA,0.0027397260273972603,0697540D,Basic_Industry,1.275458,1.199276605096863,0.00143548,0.00174663
2026-03-01,05454NAA,0.0027397260273972603,1135509D,Basic_Industry,0.940134,1.9579018737956277,-0.00176909,-0.0034782800000000003
2026-03-01,053773BE,0.0027397260273972603,0207383D,Transportation,0.584723,2.7417443966119612,0.0037890000000000003,0.00201096
2026-03-01,053773BC,0.0027397260273972603,0207383D,Transportation,0.399934,3.250543220829935,0.00541631,0.00403024
2026-03-01,105340AR,0.0027397260273972603,BDN,REITs,1.730201,0.44422975586001523,-0.02931081,-0.02532223
2026-03-01,109696AA,0.0027397260273972603,BCO,Consumer_Cyclical,1.211909,0.743979984726771,-0.00674465,-0.00860753
2026-03-01,04916WAA,0.0027397260273972603,769664Z,Electric,1.926392,0.47602040737840623,-0.00577004,-0.0009487800000000001
2026-03-01,11283YAB,0.0027397260273972603,1830373D,Consumer_Cyclical,0.847223,1.9298335480052955,0.00413703,0.00118548
2026-03-01,16115QAG,0.0027397260273972603,GTLS,Capital_Goods,1.290144,3.010440632961537,0.00674677,0.0037957299999999998
2026-03-01,153527AM,0.0027397260273972603,CENT,Consumer_Non_Cyclical,0.951139,1.4448523189783518,0.00059556,-0.00083325
2026-03-01,15089QAM,0.0027397260273972603,CE,Basic_Industry,1.146881,1.3087583165710919,-0.00745603,-0.00705479
2026-03-01,150190AK,0.0027397260273972603,FUN,Consumer_Cyclical,1.204698,1.0170394740354693,2.746e-05,-0.00019833
2026-03-01,14739LAB,0.0027397260273972603,CAS,Basic_Industry,1.214939,1.0533072374897323,-0.00409383,-0.00493596
2026-03-01,131477AX,0.0027397260273972603,9995829D,Energy,0.934459,1.4123193272202097,0.00701099,0.00616158
2026-03-01,131477AW,0.0027397260273972603,9995829D,Energy,0.454797,2.254704683446121,0.00403492,0.00160676
2026-03-01,13057QAK,0.0027397260273972603,CRC,Energy,0.523399,2.74904011669561,0.004151869999999999,0.00214645
2026-03-01,128786AA,0.0027397260273972603,CALDER,Basic_Industry,0.326559,4.822115989272642,0.00305835,0.00037545000000000005
2026-03-01,12663QAC,0.0027397260273972603,UAN,Basic_Industry,0.967869,1.3564184187571295,0.00125878,0.00029733
2026-03-01,12662PAD,0.0027397260273972603,253163Z,Energy,1.104819,0.9180999540123082,-0.0027384700000000002,-0.00412756
2026-03-01,126307AQ,0.0027397260273972603,CVC,Communications,0.903045,0.8161850233711068,0.03043318,0.02982672
2026-03-01,12598FAC,0.0027397260273972603,PMTS,Technology,0.876304,1.694952245548114,0.00200795,0.00079645
2026-03-01,12543DBN,0.0027397260273972603,CYH,Consumer_Non_Cyclical,1.576709,0.6933552123621413,-0.00162523,-0.00026112
2026-03-01,12543DBH,0.0027397260273972603,CYH,Consumer_Non_Cyclical,1.325195,1.1626894017595772,-0.00296746,-0.00374973
2026-03-01,1248EPCS,0.0027397260273972603,3247519Z,Communications,1.726081,0.4744472308221988,-0.00369596,-0.0016323499999999999
2026-03-01,1248EPBX,0.0027397260273972603,3247519Z,Communications,1.189331,1.2469383355697345,-0.00264171,-0.00324882
2026-03-01,1248EPBT,0.0027397260273972603,3247519Z,Communications,0.729358,4.390151189020526,0.0033491700000000003,0.00039833
2026-03-01,11284DAC,0.0027397260273972603,BPYU,REITs,0.955378,2.0098986784161013,-0.0027134900000000003,-0.00332598
2026-03-01,05368VAA,0.0027397260273972603,AVNT,Basic_Industry,1.355813,0.8291691062511118,-0.00931545,-0.01157146
2026-03-01,04621XAK,0.0027397260273972603,AIZ,Insurance,1.83032,2.58302027041191,-0.01375463,-0.00916772
2026-03-01,45344LAH,0.0027397260273972603,CRGY,Energy,0.519231,2.691894843942575,0.005880450000000001,0.00387011
2026-03-01,01883LAE,0.0027397260273972603,1426133D,Insurance,1.230879,2.303270252671276,4.354e-05,0.00038299
2026-03-01,01883LAA,0.0027397260273972603,1426133D,Insurance,0.94446,3.4614679705852556,0.00466032,0.0017074500000000001
2026-03-01,01879NAC,0.0027397260273972603,0802812D,Basic_Industry,1.089018,1.275379631580074,-0.00568832,-0.00820417
2026-03-01,01771YAA,0.0027397260273972603,1585590D,Communications,1.193065,0.38481683014123536,0.010931249999999998,0.01289507
2026-03-01,01748XAD,0.0027397260273972603,ALGT,Transportation,0.553632,3.3694615251811295,-0.00019612999999999998,-0.0026195899999999998
2026-03-01,01741RAN,0.0027397260273972603,ATI,Capital_Goods,1.20597,0.42548632108597223,-0.00235915,-0.00358885
2026-03-01,01741RAH,0.0027397260273972603,ATI,Capital_Goods,0.692805,2.295314161105158,0.00594982,0.00455044
2026-03-01,013822AC,0.0027397260273972603,AA,Basic_Industry,0.645289,3.351169753441579,0.00368479,0.00173866
2026-03-01,01309QAA,0.0027397260273972603,ACI,Consumer_Non_Cyclical,0.906287,1.7734741655788635,0.00075335,-0.00076683
2026-03-01,00867FAA,0.0027397260273972603,AHEDBB,Technology,1.462059,0.3758602867797476,0.01661496,0.020554350000000002
2026-03-01,00842XAA,0.0027397260273972603,8287598Z,Consumer_Cyclical,1.292853,0.7177628675440866,-0.01556695,-0.01348893
2026-03-01,00810GAD,0.0027397260273972603,1426378D,Energy,1.174266,0.8698007306389256,-0.00184049,-0.0030504
2026-03-01,00751YAF,0.0027397260273972603,AAP,Consumer_Cyclical,1.443876,0.3822313915946671,-0.01291711,-0.01082938
2026-03-01,00687YAC,0.0027397260273972603,ADNT,Consumer_Cyclical,1.053513,0.6260810845133957,-0.00015424999999999998,-0.0027503899999999997
2026-03-01,00687YAB,0.0027397260273972603,ADNT,Consumer_Cyclical,0.792843,1.7973953002218142,-0.00049968,-0.00338492
2026-03-01,00653VAA,0.0027397260273972603,1945459D,Consumer_Non_Cyclical,0.880306,1.5274639855837402,0.00030708,-0.00141509
2026-03-01,00623PAB,0.0027397260273972603,AHOMES,Consumer_Cyclical,0.970843,0.7093181376620684,-0.00113678,-0.0022944000000000003
2026-03-01,00404AAN,0.0027397260273972603,ACHC,Consumer_Non_Cyclical,1.115885,1.7410734193258843,0.00068619,0.0004959000000000001
2026-03-01,00401YAA,0.0027397260273972603,ASO,Consumer_Cyclical,0.524029,4.9310470167705995,0.00127071,-0.0017516399999999998
2026-03-01,00253XAB,0.0027397260273972603,AMR1,Transportation,1.523639,0.4174551035737833,-0.01447643,-0.011586540000000001
2026-03-01,01883LAB,0.0027397260273972603,1426133D,Insurance,1.355359,1.908396427153393,-0.0018916900000000001,-0.00048082
2026-03-01,019736AE,0.0027397260273972603,ALSN,Consumer_Cyclical,0.920462,1.5391924961960324,-0.00100311,-0.0032600800000000003
2026-03-01,04364VAU,0.0027397260273972603,1496997D,Energy,1.090471,0.7029569379912771,0.0014804700000000002,0.0007471800000000001
2026-03-01,019736AF,0.0027397260273972603,ALSN,Consumer_Cyclical,0.916192,1.6504884184988562,0.00269241,0.00194469
2026-03-01,04288BAC,0.0027397260273972603,ARNC,Basic_Industry,0.794788,1.7636923914036082,-0.01177098,-0.013944110000000001
2026-03-01,04288BAB,0.0027397260273972603,ARNC,Basic_Industry,1.463915,0.6312815069431282,-0.00736013,-0.00832468
2026-03-01,04020JAA,0.0027397260273972603,2519917D,Brokerage_Assetmanagers_Exchanges,1.105368,2.100054492071506,0.005177159999999999,0.00555141
2026-03-01,040133AA,0.0027397260273972603,2519917D,Brokerage_Assetmanagers_Exchanges,1.248521,1.877835826634916,0.00817742,0.01023585
2026-03-01,03881NAC,0.0027397260273972603,ABR,REITs,1.275891,1.1458955297010436,0.00470784,0.005934859999999999
2026-03-01,038522AQ,0.0027397260273972603,ARMK,Consumer_Cyclical,1.12712,0.5939636897173387,-0.00313487,-0.00393528
2026-03-01,03762UAD,0.0027397260273972603,ARI,REITs,1.227219,2.5572057106699324,0.00388042,0.00525824
2026-03-01,03690AAH,0.0027397260273972603,9966611D,Energy,1.057973,0.7973129607217971,0.00084948,-0.00018317
2026-03-01,03690AAF,0.0027397260273972603,9966611D,Energy,0.910425,2.9094347702951637,0.00480928,0.0040084100000000004
2026-03-01,03217CAB,0.0027397260273972603,AMSSW,Technology,1.527346,1.8684650365224496,0.00520505,0.00226011
2026-03-01,031921AC,0.0027397260273972603,2541660D,Insurance,1.831572,0.6990690102937456,-0.0039926499999999995,-0.00066318
2026-03-01,030981AM,0.0027397260273972603,APU,Energy,0.480352,3.5027690387519588,0.00127999,-0.00139385
2026-03-01,030981AL,0.0027397260273972603,APU,Energy,0.922841,1.707468403880059,0.0006893,-0.00014086
2026-03-01,02406PBA,0.0027397260273972603,DCH,Consumer_Cyclical,0.023925,6.711836589559662,0.00552092,0.00249636
2026-03-01,023771T3,0.0027397260273972603,AAL,Transportation,1.077748,1.2453770418468577,-0.006324840000000001,-0.00934896
2026-03-01,02154CAJ,0.0027397260273972603,0628683D,Communications,1.020165,0.6086168223791546,-0.00133499,-0.00112753
2026-03-01,02090DAA,0.0027397260273972603,0915579D,Communications,1.09319,0.5321134391188143,0.00415536,0.00419023
2026-03-01,02073LAA,0.0027397260273972603,ALPGEN,Electric,3.343414,0.48769474492528997,-0.017651049999999998,-0.009223
2026-03-01,02007VAA,0.0027397260273972603,1445307D,Consumer_Cyclical,1.270469,0.5701035852521104,-0.010806,-0.01229292
2026-03-01,163851AF,0.0027397260273972603,CC,Basic_Industry,1.431249,0.5021843962437574,-0.00996557,-0.011000369999999999
2026-03-01,17027NAB,0.0027397260273972603,3763044Z,Consumer_Non_Cyclical,1.691054,0.672346159659694,-0.00667468,-0.00584511
2026-03-01,17027NAC,0.0027397260273972603,3763044Z,Consumer_Non_Cyclical,1.433417,1.3554551431932182,-0.010914740000000001,-0.0138645
2026-03-01,37960XAB,0.0027397260273972603,GOINSO,Other_Industrial,2.138071,0.9605195829414818,-0.0036850100000000003,-0.0004984
2026-03-01,37960JAC,0.0027397260273972603,1518447D,Finance_Companies,0.966876,2.6939937816060104,-0.01043341,-0.01131695
2026-03-01,37954FAJ,0.0027397260273972603,GLP,Energy,1.173079,0.7748988751719054,-0.00159423,-0.00273671
2026-03-01,37185LAP,0.0027397260273972603,GEL,Energy,1.214328,0.6973024837040099,-0.0020491999999999997,-0.00276364
2026-03-01,37185LAN,0.0027397260273972603,GEL,Energy,1.67575,1.8908775689215895,0.0031734899999999997,0.00028796
2026-03-01,365417AA,0.0027397260273972603,NEOG,Consumer_Non_Cyclical,1.667922,0.6441037928613341,-0.010648310000000001,-0.00915707
2026-03-01,36485MAM,0.0027397260273972603,2496Z,Consumer_Cyclical,0.742363,1.3612431050036884,0.0035762899999999998,0.00062623
2026-03-01,36170JAD,0.0027397260273972603,2270287D,Finance_Companies,1.569063,1.0427872355977093,-0.0017188000000000001,-0.00018915999999999998
2026-03-01,36170JAA,0.0027397260273972603,2270287D,Finance_Companies,1.614726,0.9229327191528889,-0.00803454,-0.004838390000000001
2026-03-01,36162JAG,0.0027397260273972603,GEO,Consumer_Cyclical,1.005814,1.019726866418795,0.00395148,0.00401777
2026-03-01,35641AAA,0.0027397260273972603,2450347D,Finance_Companies,1.670571,0.48917419812426743,-0.021546140000000002,-0.021469589999999997
2026-03-01,35640YAL,0.0027397260273972603,2367991D,Finance_Companies,0.912685,1.9629999440941233,0.0014267,0.00017428
2026-03-01,34960PAE,0.0027397260273972603,FTAI,Finance_Companies,1.607429,0.9136651461817585,-0.00786746,-0.0077490599999999995
2026-03-01,34960PAD,0.0027397260273972603,FTAI,Finance_Companies,1.129368,4.146023459454932,0.0034223599999999997,0.0010527
2026-03-01,346232AE,0.0027397260273972603,DHI,Consumer_Cyclical,1.321732,0.5615765320354213,-0.00835119,-0.01130002
2026-03-01,343412AF,0.0027397260273972603,FLR,Other_Industrial,2.22548,0.60035730188004,-0.00441017,0.0017815900000000002
2026-03-01,33767DAB,0.0027397260273972603,FCFS,Finance_Companies,1.741204,0.7700613547360683,-0.00219146,0.0008155800000000001
2026-03-01,31944TAA,0.0027397260273972603,FCFS,Finance_Companies,1.753867,0.7238372884279066,-0.00150838,0.00037381
2026-03-01,30251GBA,0.0027397260273972603,FMG,Basic_Industry,1.328199,0.9495983567622491,-0.00402745,-0.00307903
2026-03-01,29450YAA,0.0027397260273972603,EQMSRM,Capital_Goods,1.07004,1.1834090176041634,-0.00696872,-0.00736185
2026-03-01,37960XAA,0.0027397260273972603,GOINSO,Other_Industrial,1.884811,1.6934475749040234,-0.014218,-0.015224819999999998
2026-03-01,38016LAA,0.0027397260273972603,0249587D,Technology,0.792249,2.22908082124376,0.00527349,0.00526576
2026-03-01,171484AG,0.0027397260273972603,CHDN,Consumer_Cyclical,0.454655,2.2494349648604057,0.0030908999999999997,0.00013884
2026-03-01,38349YAB,0.0027397260273972603,LOGM,Technology,1.327823,0.4896966135608748,-0.06972721,-0.06690299000000001
2026-03-01,451102BZ,0.0027397260273972603,IEP,Other_Financial,1.037765,2.44158806256772,-0.00074101,-0.00099768
2026-03-01,449691AC,0.0027397260273972603,ILIADH,Communications,0.813773,1.577267561532975,0.00046406999999999997,-0.00134645
2026-03-01,44409MAA,0.0027397260273972603,HPP,REITs,1.468859,0.5515510779359861,-0.006495,-0.0040657900000000005
2026-03-01,44332PAH,0.0027397260273972603,1023939D,Insurance,1.656676,1.0243401579318683,0.0013820899999999999,0.00379754
2026-03-01,44106MAX,0.0027397260273972603,SVC,REITs,1.665937,0.7220381826699603,0.00921631,0.01301825
2026-03-01,432891AK,0.0027397260273972603,0863283D,Consumer_Cyclical,0.601017,3.1705137973738378,0.00172572,-0.00064013
2026-03-01,431318AS,0.0027397260273972603,0810898D,Energy,1.039317,0.7687113747052152,-0.0021934,-0.00364626
2026-03-01,43118DAA,0.0027397260273972603,6612Z,Brokerage_Assetmanagers_Exchanges,1.716282,0.7545978061995624,-0.00551005,-0.0037492399999999996
2026-03-01,428104AA,0.0027397260273972603,1286499D,Energy,0.958191,1.0528713349698848,0.00046162000000000004,-0.00106542
2026-03-01,422704AH,0.0027397260273972603,HL,Basic_Industry,0.821166,3.9784296807511605,0.005615139999999999,0.00260943
2026-03-01,42239PAB,0.0027397260273972603,515284Z,Consumer_Non_Cyclical,0.403895,4.275948554978568,0.00097744,-0.0017974599999999999
2026-03-01,417558AA,0.0027397260273972603,HARMID,Energy,0.547972,2.505402087212864,0.00197856,-0.00033578
2026-03-01,415864AM,0.0027397260273972603,NVRI,Capital_Goods,0.521183,3.094578448375931,0.0017242499999999999,-0.00122502
2026-03-01,39843UAA,0.0027397260273972603,GRFSM,Consumer_Non_Cyclical,1.809148,0.49728529896491563,-0.00133269,0.00238736
2026-03-01,398433AP,0.0027397260273972603,GFF,Capital_Goods,0.933043,1.5558519175888412,0.00047444,-0.00107828
2026-03-01,39807UAD,0.0027397260273972603,GRSTAR,Other_Financial,1.165153,1.3146991880222443,0.00263187,0.0026301400000000004
2026-03-01,389375AM,0.0027397260273972603,GTN,Communications,0.495979,3.289563727822585,0.00050296,-0.001997
2026-03-01,38869AAA,0.0027397260273972603,1890005D,Basic_Industry,1.163226,1.2543973735058243,-0.00329048,-0.00316289
2026-03-01,38528UAE,0.0027397260273972603,GCUNIV,Other_Industrial,2.149485,0.6301073097832183,-0.0056413800000000005,7.212e-05
2026-03-01,29362UAC,0.0027397260273972603,ENTG,Technology,1.619099,0.40963100550733456,-0.00690041,-0.00484639
2026-03-01,29357KAK,0.0027397260273972603,ENVA,Finance_Companies,1.778655,0.38140748614269104,-0.017226699999999998,-0.017372270000000002
2026-03-01,29357KAH,0.0027397260273972603,ENVA,Finance_Companies,0.995961,4.483396595958835,0.00866626,0.0081181
2026-03-01,29357JAC,0.0027397260273972603,ENQLN,Energy,0.600417,1.2809217198028204,0.01557019,0.013866410000000001
2026-03-01,225310AQ,0.0027397260273972603,CACC,Other_Financial,0.980291,1.8068460000752637,0.0020524600000000003,0.00088404
2026-03-01,21871NAC,0.0027397260273972603,CXW,Consumer_Cyclical,0.869705,2.8142058517194997,0.01130244,0.01229127
2026-03-01,21871NAA,0.0027397260273972603,CXW,Consumer_Cyclical,1.364425,0.519873301066311,-0.00304624,-0.00164129
2026-03-01,21240FAC,0.0027397260273972603,CONCOA,Basic_Industry,1.410939,1.0142792943031604,-0.0129285,-0.01147721
2026-03-01,21240FAA,0.0027397260273972603,CONCOA,Basic_Industry,1.303306,1.2110114550610689,-0.00231138,-0.0007659499999999999
2026-03-01,21039CAA,0.0027397260273972603,CSTM,Basic_Industry,0.774536,2.555590921829872,0.00136022,9.58e-05
2026-03-01,20752TAB,0.0027397260273972603,1750973D,Communications,1.147911,0.685719414468876,-0.00280927,-0.0040153
2026-03-01,19260QAC,0.0027397260273972603,COIN,Brokerage_Assetmanagers_Exchanges,2.31357,1.1845516943278867,-0.014858610000000001,-0.00831033
2026-03-01,19240WAA,0.0027397260273972603,1236964D,Communications,0.908052,1.1517350935948245,0.01069487,0.01058181
2026-03-01,19240CAE,0.0027397260273972603,1236964D,Communications,0.919856,1.1242725428529763,0.01368698,0.01369088
2026-03-01,192108BC,0.0027397260273972603,CDE,Basic_Industry,1.577947,0.5249674623264825,-0.0031780199999999997,-0.00238421
2026-03-01,18539UAC,0.0027397260273972603,0848498D,Electric,1.355389,1.286759917961843,-0.0052710199999999995,-0.0056964400000000005
2026-03-01,18453HAF,0.0027397260273972603,CCO,Communications,1.127016,0.8358159207495779,0.00046227999999999997,-0.0003453
2026-03-01,18453HAD,0.0027397260273972603,CCO,Communications,0.229635,5.522262291716114,0.0029172,0.00020920000000000002
2026-03-01,18060TAC,0.0027397260273972603,1701093D,Consumer_Cyclical,1.047982,0.6917453745934795,-0.004386999999999999,-0.007159799999999999
2026-03-01,17888HAC,0.0027397260273972603,SM,Energy,1.21458,0.43925542193637446,0.0018690100000000002,0.0021429699999999997
2026-03-01,17888HAB,0.0027397260273972603,SM,Energy,0.960534,0.8348128305329899,0.0045429599999999995,0.0044025
2026-03-01,17888HAA,0.0027397260273972603,SM,Energy,0.462496,3.35451098373306,0.00108992,-0.00149197
2026-03-01,172441BF,0.0027397260273972603,CNK,Consumer_Cyclical,1.200998,0.7582966834887432,-0.00264856,-0.00360301
2026-03-01,23166MAA,0.0027397260273972603,9199067D,Consumer_Cyclical,0.303662,4.9310470167705995,0.00350268,0.00073463
2026-03-01,23166MAC,0.0027397260273972603,9199067D,Consumer_Cyclical,0.693835,2.6875423726310586,0.00800512,0.00714946
2026-03-01,237266AH,0.0027397260273972603,DAR,Consumer_Non_Cyclical,0.34274,4.521786107620796,0.00360051,0.00136926
2026-03-01,26154DAA,0.0027397260273972603,DFH,Consumer_Cyclical,1.181518,0.6880407948120603,-0.00919447,-0.01107913
2026-03-01,29272WAC,0.0027397260273972603,ENR,Consumer_Non_Cyclical,1.563697,0.8292644074139586,-0.00320987,-0.00129774
2026-03-01,29261AAA,0.0027397260273972603,EHC,Consumer_Non_Cyclical,1.231596,0.9054447881129472,-0.00032854,0.00011401
2026-03-01,28228PAC,0.0027397260273972603,1368620D,Consumer_Cyclical,0.179757,6.711836589559662,0.00375087,0.00103186
2026-03-01,281020AX,0.0027397260273972603,EIX,Electric,1.807733,0.49476056181454164,-0.015677049999999998,-0.01114515
2026-03-01,28035QAA,0.0027397260273972603,EPC,Consumer_Non_Cyclical,1.008213,1.2286522838774867,0.00111214,0.00042548999999999994
2026-03-01,278768AC,0.0027397260273972603,SATS,Communications,0.935943,0.8688212435149711,-0.00285819,-0.00425943
2026-03-01,27034RAA,0.0027397260273972603,PR,Energy,0.037882,1.9957591010796225,0.00145168,-0.0014327300000000001
2026-03-01,267475AD,0.0027397260273972603,DY,Other_Industrial,2.239684,0.7178190073150271,-0.01076566,-0.00638703
2026-03-01,25470MAG,0.0027397260273972603,SATS,Communications,0.83224,3.7917545269002564,0.0066814,0.00365728
2026-03-01,237266AJ,0.0027397260273972603,DAR,Consumer_Non_Cyclical,1.339023,0.729726296374577,0.00160626,0.00247613
2026-03-01,25470DBS,0.0027397260273972603,0807532D,Communications,1.802415,0.47890651473144186,-0.011312889999999999,-0.0071040800000000005
2026-03-01,25461LAA,0.0027397260273972603,1901738D,Communications,0.847151,1.4243953323049516,-6.47e-05,-0.00209941
2026-03-01,25260WAD,0.0027397260273972603,1798183D,Energy,1.019874,0.8268624236379409,-0.00184301,-0.00338324
2026-03-01,248019AW,0.0027397260273972603,DLX,Communications,1.372671,0.8428297286663505,-0.0006747200000000001,-0.00028096
2026-03-01,248019AU,0.0027397260273972603,DLX,Communications,1.104104,0.7349578467898117,0.0016892099999999998,0.00143805
2026-03-01,24665FAD,0.0027397260273972603,DKL,Energy,1.235028,0.5992139768747526,-0.00235827,-0.00535987
2026-03-01,24665FAC,0.0027397260273972603,DKL,Energy,0.591484,3.149754022728054,0.00045696,-0.00224772
2026-03-01,24229JAA,0.0027397260273972603,3408974Z,Consumer_Cyclical,1.364276,0.6471482209326055,-0.00958709,-0.00878734
2026-03-01,ZO419915,0.0027397260273972603,HBMCN,Basic_Industry,1.479294,0.6461214836316017,-0.0044202799999999995,-0.00487221
